X,Y,X,Y,id,rowId
524.819331236299945,-85.44543002499999,524.8193312363,-85.445430025,214,3
268.135226899200006,-19.753790807600002,268.1352268992,-19.7537908076,4,1
141.935412005199993,-94.619927226100003,141.9354120052,-94.6199272261,200,3
596.448072352799954,-28.001768635,596.4480723528,-28.001768635,116,2
187.035220558600003,-41.394216038499998,187.0352205586,-41.3942160385,100,2
859.081426805499973,-167.349215199599996,859.0814268055,-167.3492151996,425,5
241.46167944070001,-92.837368767499996,241.4616794407,-92.8373687675,204,3
301.916723828399995,-37.940491356800003,301.9167238284,-37.9404913568,105,2
